Nome;Nível;Início;Término;Instituição;Situação;Motivo do interrrompimento;LINK;ID
Adalmir Antonio Marquetti;PQ-2;01/03/23;28/02/26;PUCRS;Em folha de pagamento;;http://lattes.cnpq.br/3474246821206609;3474246821206609
Adelar Fochezatto;PQ-1D;01/03/22;28/02/26;PUCRS;Em folha de pagamento;;http://lattes.cnpq.br/5935973885331465;5935973885331465
Admir Antonio Betarelli Junior;PQ-2;01/03/23;28/02/26;UFJF;Suspenso;(***) Bolsa interrompida por motivo de estágio ou pós-doutoramento no exterior, ou por nomeação para cargo em comissão do grupo de Direção e Assessoramento Superior (DAS) do CNPq.;http://lattes.cnpq.br/3620301469610793;3620301469610793
Ahmad Saeed Khan;PQ-1D;01/03/20;29/02/24;UFC;Em folha de pagamento;;http://lattes.cnpq.br/3198350508846033;3198350508846033
Aléssio Tony Cavalcanti de Almeida;PQ-2;01/03/22;28/02/25;UFPB;Suspenso;(***) Bolsa interrompida por motivo de estágio ou pós-doutoramento no exterior, ou por nomeação para cargo em comissão do grupo de Direção e Assessoramento Superior (DAS) do CNPq.;http://lattes.cnpq.br/8915074296658510;8915074296658510
Alexandre Alves Porsse;PQ-2;01/03/22;28/02/25;UFPR;Suspenso;(***) Bolsa interrompida por motivo de estágio ou pós-doutoramento no exterior, ou por nomeação para cargo em comissão do grupo de Direção e Assessoramento Superior (DAS) do CNPq.;http://lattes.cnpq.br/3317763390163110;3317763390163110
Alexandre Gori Maia;PQ-1D;01/03/23;28/02/27;UNICAMP;Em folha de pagamento;;http://lattes.cnpq.br/8284067987442342;8284067987442342
Alexandre Nunes de Almeida;PQ-1D;01/03/23;28/02/27;USP;Em folha de pagamento;;http://lattes.cnpq.br/8825551833619350;8825551833619350
Ana Flavia Machado;PQ-2;01/03/23;28/02/26;UFMG;Em folha de pagamento;;http://lattes.cnpq.br/9625562877284120;9625562877284120
Ana Lucia Kassouf;PQ-SR;01/03/22;28/02/27;USP;Em folha de pagamento;;http://lattes.cnpq.br/8017029874158682;8017029874158682
Ana Paula Macedo de Avellar;PQ-2;01/03/21;29/02/24;UFU;Suspenso;(***) Bolsa interrompida por motivo de estágio ou pós-doutoramento no exterior, ou por nomeação para cargo em comissão do grupo de Direção e Assessoramento Superior (DAS) do CNPq.;http://lattes.cnpq.br/8135896270067246;8135896270067246
Anderson Moreira Aristides dos Santos;PQ-2;01/03/22;28/02/25;UFAL;Em folha de pagamento;;http://lattes.cnpq.br/0335447705890131;0335447705890131
André Carraro;PQ-2;01/03/23;28/02/26;UFPEL;Em folha de pagamento;;http://lattes.cnpq.br/6971376831898637;6971376831898637
André Filipe Zago de Azevedo;PQ-2;01/03/22;28/02/25;UNISINOS;Em folha de pagamento;;http://lattes.cnpq.br/0625926234026025;0625926234026025
André Luis Squarize Chagas;PQ-2;01/03/22;28/02/25;FEAC/USP;Em folha de pagamento;;http://lattes.cnpq.br/9393232413376568;9393232413376568
André Moreira Cunha;PQ-1B;01/03/22;28/02/26;UFRGS;Em folha de pagamento;;http://lattes.cnpq.br/8489743997277206;8489743997277206
André Portela Fernandes de Souza;PQ-1D;01/03/23;28/02/27;FGV;Em folha de pagamento;;http://lattes.cnpq.br/9655645041052617;9655645041052617
Andreza Aparecida Palma;PQ-2;01/03/22;28/02/25;UFSCAR;Em folha de pagamento;;http://lattes.cnpq.br/0665252951411171;0665252951411171
Aquiles Elie Guimarães Kalatzis;PQ-2;01/03/22;28/02/25;USP;Em folha de pagamento;;http://lattes.cnpq.br/7788895623440612;7788895623440612
Augusta Pelinski Raiher;PQ-2;01/03/21;29/02/24;UEPG;Em folha de pagamento;;http://lattes.cnpq.br/2807884379340559;2807884379340559
Augusto Mussi Alvim;PQ-2;01/03/22;28/02/25;PUCRS;Em folha de pagamento;;http://lattes.cnpq.br/5389042578042654;5389042578042654
Benjamin Miranda Tabak;PQ-1A;01/03/23;29/02/28;FGV;Em folha de pagamento;;http://lattes.cnpq.br/7238063563586831;7238063563586831
Bernardo de Vasconcellos Guimaraes;PQ-1B;01/03/22;28/02/26;FGV;Em folha de pagamento;;http://lattes.cnpq.br/3720471048962342;3720471048962342
Bernardo Mueller;PQ-2;01/03/23;28/02/26;UnB;Em folha de pagamento;;http://lattes.cnpq.br/5585354486451902;5585354486451902
Bladimir Carrillo Bermúdez;PQ-2;01/03/22;28/02/25;UFPE;Em folha de pagamento;;http://lattes.cnpq.br/5242363531283496;5242363531283496
Braz Ministerio de Camargo;PQ-2;01/03/23;28/02/26;FGV;Em folha de pagamento;;http://lattes.cnpq.br/2667599904884548;2667599904884548
Bruno Cara Giovannetti;PQ-2;01/03/21;29/02/24;FGV;Em folha de pagamento;;http://lattes.cnpq.br/0951335757481723;0951335757481723
Bruno Ferman;PQ-2;01/03/21;29/02/24;FGV;Em folha de pagamento;;http://lattes.cnpq.br/9895207852402171;9895207852402171
Carlos Aguiar de Medeiros;PQ-2;01/03/23;28/02/26;UFRJ;Em folha de pagamento;;http://lattes.cnpq.br/5609032708258360;5609032708258360
Carlos Alves do Nascimento;PQ-2;01/03/23;28/02/26;UFU;Em folha de pagamento;;http://lattes.cnpq.br/8251036338971024;8251036338971024
Carlos Cesar Santejo Saiani;PQ-2;01/03/22;28/02/25;UFU;Em folha de pagamento;;http://lattes.cnpq.br/5843437788816592;5843437788816592
Carlos Enrique Carrasco Gutierrez;PQ-2;01/03/23;28/02/26;UCB/DF;Em folha de pagamento;;http://lattes.cnpq.br/0881893862643600;0881893862643600
Carlos Eugenio Ellery Lustosa da Costa;PQ-2;01/03/23;28/02/26;FGV;Em folha de pagamento;;http://lattes.cnpq.br/5318150528572846;5318150528572846
Carlos Jose Caetano Bacha;PQ-2;01/03/23;28/02/26;USP;Em folha de pagamento;;http://lattes.cnpq.br/6080868501695877;6080868501695877
Carmem Aparecida do Valle Costa Feijo;PQ-1D;01/03/20;29/02/24;UFF;Em folha de pagamento;;http://lattes.cnpq.br/9040659895653917;9040659895653917
Carolina Troncoso Baltar;PQ-2;01/03/23;28/02/26;UNICAMP;Em folha de pagamento;;http://lattes.cnpq.br/0737849601203161;0737849601203161
Cassia Kely Favoretto;PQ-2;01/03/22;28/02/25;UEM;Em folha de pagamento;;http://lattes.cnpq.br/5717675257150655;5717675257150655
Cassio da Nobrega Besarria;PQ-2;01/03/22;28/02/25;UFPB;Em folha de pagamento;;http://lattes.cnpq.br/2341655229529160;2341655229529160
Cecilia Machado;PQ-2;01/03/21;29/02/24;FGV;Em folha de pagamento;;http://lattes.cnpq.br/9740537725465448;9740537725465448
Celio Hiratuka;PQ-2;01/03/22;28/02/25;UNICAMP;Em folha de pagamento;;http://lattes.cnpq.br/5330765535023421;5330765535023421
Cláudio Ribeiro de Lucinda;PQ-2;01/03/23;28/02/26;FEAC/USP;Em folha de pagamento;;http://lattes.cnpq.br/2191777755990317;2191777755990317
Claudio Roberto Fóffano Vasconcelos;PQ-2;01/03/21;29/02/24;UFJF;Em folha de pagamento;;http://lattes.cnpq.br/8375210112682781;8375210112682781
Cleomar Gomes da Silva;PQ-1D;01/03/23;28/02/27;UFU;Em folha de pagamento;;http://lattes.cnpq.br/3757691930939885;3757691930939885
Cristine Campos de Xavier Pinto;PQ-2;01/03/23;28/02/26;INSPER;Em folha de pagamento;;http://lattes.cnpq.br/6395503971370075;6395503971370075
Daniel de Abreu Pereira Uhr;PQ-2;01/03/22;28/02/25;UFPEL;Em folha de pagamento;;http://lattes.cnpq.br/4304478309284161;4304478309284161
Daniel Oliveira Cajueiro;PQ-1C;01/03/20;29/02/24;UnB;Em folha de pagamento;;http://lattes.cnpq.br/6879546236123358;6879546236123358
David Dequech Filho;PQ-1A;01/03/19;29/02/24;UNICAMP;Em folha de pagamento;;http://lattes.cnpq.br/4860165003262229;4860165003262229
Dênis Antônio Da Cunha;PQ-2;01/03/22;28/02/25;UFV;Em folha de pagamento;;http://lattes.cnpq.br/1033658951252242;1033658951252242
Diogo de Prince Mendonça;PQ-2;01/03/22;28/02/25;UNIFESP;Em folha de pagamento;;http://lattes.cnpq.br/3160691112817642;3160691112817642
Diogo Ferraz;PQ-2;01/03/23;28/02/26;UFOP;Em folha de pagamento;;http://lattes.cnpq.br/4539063690990247;4539063690990247
Divanildo Triches;PQ-2;01/03/21;29/02/24;UNISINOS;Em folha de pagamento;;http://lattes.cnpq.br/2318491480208879;2318491480208879
Dominik Hartmann;PQ-2;01/03/22;28/02/25;UFSC;Em folha de pagamento;;http://lattes.cnpq.br/1782565673673929;1782565673673929
Douglas Alcântara Alencar;PQ-2;01/03/23;28/02/26;UFPA;Em folha de pagamento;;http://lattes.cnpq.br/6019986023580234;6019986023580234
Edson Paulo Domingues;PQ-2;01/03/22;28/02/25;UFMG;Em folha de pagamento;;http://lattes.cnpq.br/2059703319050475;2059703319050475
Edson Talamini;PQ-1D;01/03/23;28/02/27;UFRGS;Em folha de pagamento;;http://lattes.cnpq.br/0286666531410312;0286666531410312
Eduardo Amaral Haddad;PQ-1C;01/03/23;28/02/27;FEAC/USP;Em folha de pagamento;;http://lattes.cnpq.br/1343302903420183;1343302903420183
Eduardo Angeli;PQ-2;01/03/23;28/02/26;UFPR;Em folha de pagamento;;http://lattes.cnpq.br/9201695869717291;9201695869717291
Eduardo da Motta e Albuquerque;PQ-1D;01/03/23;28/02/27;UFMG;Em folha de pagamento;;http://lattes.cnpq.br/6966612518135380;6966612518135380
Eduardo Gonçalves;PQ-1D;01/03/22;28/02/26;UFJF;Em folha de pagamento;;http://lattes.cnpq.br/9370302184981304;9370302184981304
Eduardo Pontual Ribeiro;PQ-2;01/03/21;29/02/24;UFRJ;Em folha de pagamento;;http://lattes.cnpq.br/8025102145074887;8025102145074887
Eduardo Simões de Almeida;PQ-2;01/03/23;28/02/26;UFJF;Em folha de pagamento;;http://lattes.cnpq.br/0868977096675534;0868977096675534
Edward Martins Costa;PQ-2;01/03/22;28/02/25;UFC;Em folha de pagamento;;http://lattes.cnpq.br/0194745511728002;0194745511728002
Elano Ferreira Arruda;PQ-2;01/03/22;28/02/25;UFC;Em folha de pagamento;;http://lattes.cnpq.br/7886718202814745;7886718202814745
Eliane Cristina de Araujo Sbardellati;PQ-1D;01/03/23;28/02/27;UEM;Em folha de pagamento;;http://lattes.cnpq.br/3906456237014475;3906456237014475
Emanoel Márcio Nunes;PQ-2;01/03/23;28/02/26;UERN;Em folha de pagamento;;http://lattes.cnpq.br/4287439310652411;4287439310652411
Emanuel Augusto Rodrigues Ornelas;PQ-2;01/03/22;28/02/25;FGV;Em folha de pagamento;;http://lattes.cnpq.br/2080538922589667;2080538922589667
Emerson Fernandes Marçal;PQ-2;01/03/23;28/02/26;FGV;Em folha de pagamento;;http://lattes.cnpq.br/2362482510747681;2362482510747681
Enlinson Henrique Carvalho de Mattos;PQ-1C;01/03/20;29/02/24;FGV;Em folha de pagamento;;http://lattes.cnpq.br/6555771530199324;6555771530199324
Eraldo Sergio Barbosa Da Silva;PQ-2;01/03/23;28/02/26;UFSC;Em folha de pagamento;;http://lattes.cnpq.br/1316890126544558;1316890126544558
Erik Alencar de Figueiredo;PQ-1D;01/03/23;28/02/27;UFPB;Em folha de pagamento;;http://lattes.cnpq.br/6229063960067471;6229063960067471
Evandro Camargos Teixeira;PQ-2;01/03/23;28/02/26;UFV;Em folha de pagamento;;http://lattes.cnpq.br/0919139576430566;0919139576430566
Fabiana Fontes Rocha;PQ-1C;01/03/21;28/02/25;USP;Em folha de pagamento;;http://lattes.cnpq.br/3651063470460537;3651063470460537
Fabio Augusto Reis Gomes;PQ-1D;01/03/22;29/02/24;USP;Em folha de pagamento;;http://lattes.cnpq.br/2746808042007716;2746808042007716
Fábio Henrique Bittes Terra;PQ-2;01/03/21;29/02/24;UFABC;Em folha de pagamento;;http://lattes.cnpq.br/2249781288255030;2249781288255030
Fabricio Carneiro Linhares;PQ-2;01/03/21;29/02/24;UFC;Em folha de pagamento;;http://lattes.cnpq.br/8577355400988841;8577355400988841
Fabricio Jose Missio;PQ-2;01/03/22;28/02/25;UFMG;Em folha de pagamento;;http://lattes.cnpq.br/5047485742216555;5047485742216555
Felipe Garcia Ribeiro;PQ-2;01/03/21;29/02/24;UFPEL;Em folha de pagamento;;http://lattes.cnpq.br/1139079330866028;1139079330866028
Fernanda Gonçalves de La Fuente Estevan;PQ-2;01/03/23;28/02/26;FGV;Em folha de pagamento;;http://lattes.cnpq.br/5482271721916788;5482271721916788
Fernanda Maria Muller;PQ-2;01/03/23;28/02/26;UFRGS;Em folha de pagamento;;http://lattes.cnpq.br/3226110093009785;3226110093009785
Fernando Antônio de Barros Júnior;PQ-2;01/03/22;28/02/25;USP;Em folha de pagamento;;http://lattes.cnpq.br/6165696309038028;6165696309038028
Fernando Daniel Chague;PQ-2;01/03/23;28/02/26;FGV;Em folha de pagamento;;http://lattes.cnpq.br/5522882001123290;5522882001123290
Fernando Salgueiro Perobelli;PQ-1C;01/03/21;28/02/25;UFJF;Em folha de pagamento;;http://lattes.cnpq.br/0592576058333460;0592576058333460
Flávia Lúcia Chein Feres;PQ-2;01/03/22;28/02/25;UFJF;Em folha de pagamento;;http://lattes.cnpq.br/8054315662265191;8054315662265191
Flávia Mori Sarti;PQ-2;01/03/23;28/02/26;USP;Em folha de pagamento;;http://lattes.cnpq.br/4889413058276292;4889413058276292
Flávio Augusto Ziegelmann;PQ-1D;01/03/23;28/02/27;UFRGS;Suspenso;(***) Bolsa interrompida por motivo de estágio ou pós-doutoramento no exterior, ou por nomeação para cargo em comissão do grupo de Direção e Assessoramento Superior (DAS) do CNPq.;http://lattes.cnpq.br/2060620128806238;2060620128806238
Flavio Vilela Vieira;PQ-2;01/03/23;28/02/26;UFU;Em folha de pagamento;;http://lattes.cnpq.br/5730916449433530;5730916449433530
Francis Carlo Petterini Lourenço;PQ-2;01/03/22;28/02/25;UFSC;Em folha de pagamento;;http://lattes.cnpq.br/3396205737621572;3396205737621572
Francisco de Sousa Ramos;PQ-1D;01/03/20;29/02/24;UFPE;Em folha de pagamento;;http://lattes.cnpq.br/1190610699976105;1190610699976105
Francisco José Silva Tabosa;PQ-2;01/03/21;29/02/24;UFC;Em folha de pagamento;;http://lattes.cnpq.br/1260299152113875;1260299152113875
Franklin Leon Peres Serrano;PQ-2;01/03/22;28/02/25;UFRJ;Em folha de pagamento;;http://lattes.cnpq.br/8929218197089001;8929218197089001
Frederico Gonzaga Jayme Jr;PQ-1D;01/03/23;28/02/25;UFMG;Em folha de pagamento;;http://lattes.cnpq.br/7925526038701140;7925526038701140
Gabriel Caldas Montes;PQ-1D;01/03/20;29/02/24;UFF;Em folha de pagamento;;http://lattes.cnpq.br/3790543172087198;3790543172087198
Gervásio Ferreira dos Santos;PQ-2;01/03/22;28/02/25;UFBA;Em folha de pagamento;;http://lattes.cnpq.br/6090603493401276;6090603493401276
Gibran da Silva Teixeira;PQ-2;01/03/22;28/02/25;FURG;Em folha de pagamento;;http://lattes.cnpq.br/0334475377635171;0334475377635171
Gilberto Tadeu Lima;PQ-1A;01/03/19;29/02/24;FEAC/USP;Em folha de pagamento;;http://lattes.cnpq.br/8351965334605857;8351965334605857
Giuliano Contento de Oliveira;PQ-2;01/03/23;28/02/26;UNICAMP;Em folha de pagamento;;http://lattes.cnpq.br/6980919103769877;6980919103769877
Guilherme Diniz Irffi;PQ-2;01/03/23;28/02/26;UFC;Em folha de pagamento;;http://lattes.cnpq.br/8821559850261716;8821559850261716
Guilherme Valle Moura;PQ-2;01/03/23;28/02/26;UFSC;Em folha de pagamento;;http://lattes.cnpq.br/8741555716252336;8741555716252336
Gustavo de Britto Rocha;PQ-2;01/03/23;28/02/26;UFMG;Em folha de pagamento;;http://lattes.cnpq.br/5668137663316742;5668137663316742
Gustavo Maurício Gonzaga;PQ-2;01/03/23;28/02/26;PUC-Rio;Em folha de pagamento;;http://lattes.cnpq.br/5246086378299715;5246086378299715
Helder Ferreira de Mendonça;PQ-1A;01/03/19;29/02/24;UFF;Em folha de pagamento;;http://lattes.cnpq.br/8951221071397719;8951221071397719
Henrique Morrone;PQ-2;01/03/21;29/02/24;UFRGS;Em folha de pagamento;;http://lattes.cnpq.br/2470152487280396;2470152487280396
Herick Fernando Moralles;PQ-2;01/03/23;28/02/26;UFSCAR;Em folha de pagamento;;http://lattes.cnpq.br/3603674784653923;3603674784653923
Hildo Meirelles de Souza Filho;PQ-2;01/03/23;28/02/26;UFSCAR;Em folha de pagamento;;http://lattes.cnpq.br/3740950346967524;3740950346967524
Humberto Francisco Silva Spolador;PQ-2;01/03/22;28/02/25;USP;Em folha de pagamento;;http://lattes.cnpq.br/1699973266697060;1699973266697060
Ivan Colangelo Salomão;PQ-2;01/03/21;29/02/24;UFPR;Em folha de pagamento;(***) Bolsa interrompida por motivo de estágio ou pós-doutoramento no exterior, ou por nomeação para cargo em comissão do grupo de Direção e Assessoramento Superior (DAS) do CNPq.;http://lattes.cnpq.br/9840246719284048;9840246719284048
Izete Pengo Bagolin;PQ-2;01/03/21;29/02/24;PUCRS;Em folha de pagamento;;http://lattes.cnpq.br/9977571999200680;9977571999200680
Jaime José Orrillo Carhuajulca;PQ-2;01/03/23;28/02/26;UCB/DF;Em folha de pagamento;;http://lattes.cnpq.br/0227304533127933;0227304533127933
Jair Andrade de Araujo;PQ-1D;01/03/22;28/02/26;UFC;Em folha de pagamento;;http://lattes.cnpq.br/7374641262802257;7374641262802257
Jaylson Jair da Silveira;PQ-2;01/03/22;28/02/25;UFSC;Em folha de pagamento;;http://lattes.cnpq.br/8638236111895553;8638236111895553
Jefferson Andronio Ramundo Staduto;PQ-2;01/03/21;29/02/24;UNIOESTE;Em folha de pagamento;;http://lattes.cnpq.br/1308909292661318;1308909292661318
Jéfferson Augusto Colombo;PQ-2;01/03/23;28/02/26;FGV;Em folha de pagamento;;http://lattes.cnpq.br/9899088720488499;9899088720488499
Jevuks Matheus de Araujo;PQ-2;01/03/23;28/02/26;UFPB;Em folha de pagamento;;http://lattes.cnpq.br/0511631562841971;0511631562841971
João Frois Caldeira;PQ-1C;01/03/23;28/02/27;UFSC;Em folha de pagamento;;http://lattes.cnpq.br/5874801817928073;5874801817928073
Joao Luiz Maurity Saboia;PQ-SR;01/03/21;28/02/26;UFRJ;Em folha de pagamento;;http://lattes.cnpq.br/7409551892912514;7409551892912514
João Policarpo Rodrigues Lima;PQ-1D;01/03/21;28/02/25;UFPE;Em folha de pagamento;;http://lattes.cnpq.br/2889563456428123;2889563456428123
João Prates Romero;PQ-2;01/03/22;28/02/25;UFMG;Em folha de pagamento;;http://lattes.cnpq.br/3753946953125246;3753946953125246
João Victor Issler;PQ-1A;01/03/21;28/02/26;FGV;Em folha de pagamento;;http://lattes.cnpq.br/3308960016106373;3308960016106373
José Angelo Costa do Amor Divino;PQ-1C;01/03/20;29/02/24;UCB/DF;Em folha de pagamento;;http://lattes.cnpq.br/4790508103951006;4790508103951006
José Felipe Araujo de Almeida;PQ-1D;01/03/22;28/02/26;UFPR;Em folha de pagamento;;http://lattes.cnpq.br/5629326910547331;5629326910547331
Jose Heleno Faro;PQ-2;01/03/23;28/02/26;INSPER;Em folha de pagamento;;http://lattes.cnpq.br/7741121296126010;7741121296126010
José Luís da Costa Oreiro;PQ-1D;01/03/22;28/02/26;UnB;Em folha de pagamento;;http://lattes.cnpq.br/3747519200935517;3747519200935517
José Valentim Machado Vicente;PQ-2;01/03/23;28/02/26;IBMEC;Em folha de pagamento;;http://lattes.cnpq.br/7000419726388412;7000419726388412
Junior Ruiz Garcia;PQ-2;01/03/22;28/02/25;UFPR;Em folha de pagamento;;http://lattes.cnpq.br/0973686004919998;0973686004919998
Kalinca Leia Becker;PQ-2;01/03/22;28/02/25;UFSM;Em folha de pagamento;;http://lattes.cnpq.br/9082069520269585;9082069520269585
Kênia Barreiro de Souza;PQ-2;01/03/22;28/02/25;UFPR;Em folha de pagamento;;http://lattes.cnpq.br/2406392719606937;2406392719606937
Kenya Valeria Micaela de Souza Noronha;PQ-2;01/03/23;28/02/26;UFMG;Em folha de pagamento;;http://lattes.cnpq.br/9239617064428614;9239617064428614
Leandro dos Santos Maciel;PQ-2;01/03/21;29/02/24;USP;Em folha de pagamento;;http://lattes.cnpq.br/8223366539713305;8223366539713305
Leandro Gorno;PQ-2;01/03/22;28/02/25;FGV;Em folha de pagamento;;http://lattes.cnpq.br/2086199766903206;2086199766903206
Leda Maria Paulani;PQ-1D;01/03/20;29/02/24;FEAC/USP;Em folha de pagamento;;http://lattes.cnpq.br/8060340964685263;8060340964685263
Leonardo Andrade Rocha;PQ-2;01/03/22;28/02/25;UFERSA;Em folha de pagamento;;http://lattes.cnpq.br/1760530300831377;1760530300831377
Leonardo Bornacki de Mattos;PQ-2;01/03/21;29/02/24;UFV;Suspenso;(***) Bolsa interrompida por motivo de estágio ou pós-doutoramento no exterior, ou por nomeação para cargo em comissão do grupo de Direção e Assessoramento Superior (DAS) do CNPq.;http://lattes.cnpq.br/5792108556365679;5792108556365679
Leonardo Costa Ribeiro;PQ-2;01/03/22;28/02/25;UFMG;Em folha de pagamento;;http://lattes.cnpq.br/9084292828513038;9084292828513038
Leonardo Monteiro Monasterio;PQ-2;01/03/21;29/02/24;IDP;Em folha de pagamento;;http://lattes.cnpq.br/5320812023944256;5320812023944256
Lucas Jóver Maestri;PQ-2;01/03/21;29/02/24;FGV;Em folha de pagamento;;http://lattes.cnpq.br/8115820958390261;8115820958390261
Luciano Ferreira Gabriel;PQ-2;01/03/22;28/02/25;UFJF;Suspenso;(***) Bolsa interrompida por motivo de estágio ou pós-doutoramento no exterior, ou por nomeação para cargo em comissão do grupo de Direção e Assessoramento Superior (DAS) do CNPq.;http://lattes.cnpq.br/9951218971437024;9951218971437024
Luciano Irineu de Castro Filho;PQ-2;01/03/21;29/02/24;IMPA;Em folha de pagamento;;http://lattes.cnpq.br/7373548082841415;7373548082841415
Luciano Menezes Bezerra Sampaio;PQ-2;01/03/22;28/02/25;UFRN;Em folha de pagamento;;http://lattes.cnpq.br/3807603064705018;3807603064705018
Luís Eduardo Afonso;PQ-2;01/03/23;28/02/26;FEAC/USP;Em folha de pagamento;;http://lattes.cnpq.br/2011747617639123;2011747617639123
Luiz Carlos de Santana Ribeiro;PQ-2;01/03/21;29/02/24;UFS;Em folha de pagamento;;http://lattes.cnpq.br/6813148558566741;6813148558566741
Luiz Fernando Rodrigues de Paula;PQ-1D;01/03/23;28/02/27;UFRJ;Em folha de pagamento;;http://lattes.cnpq.br/3378141737377054;3378141737377054
Luiz Ivan de Melo Castelar;PQ-2;01/03/22;28/02/25;UFC;Em folha de pagamento;;http://lattes.cnpq.br/8710490356999657;8710490356999657
Luiz Koodi Hotta;PQ-2;01/03/21;29/02/24;UNICAMP;Em folha de pagamento;;http://lattes.cnpq.br/5895675198951295;5895675198951295
Luiz Moreira Coelho Junior;PQ-2;01/03/22;28/02/25;UFPB;Em folha de pagamento;;http://lattes.cnpq.br/8390081359868622;8390081359868622
Madalena Maria Schlindwein;PQ-2;01/03/23;28/02/26;UFGD;Em folha de pagamento;;http://lattes.cnpq.br/5051115183969507;5051115183969507
Manuel Ramon Souza Luz;PQ-2;01/03/22;28/02/25;UFABC;Em folha de pagamento;;http://lattes.cnpq.br/5544951927644546;5544951927644546
Marcel de Toledo Vieira;PQ-2;01/03/23;28/02/26;UFJF;Em folha de pagamento;;http://lattes.cnpq.br/1980385021266418;1980385021266418
Marcelo Brutti Righi;PQ-2;01/03/22;28/02/25;UFRGS;Em folha de pagamento;;http://lattes.cnpq.br/0441646892659099;0441646892659099
Marcelo Cunha Medeiros;PQ-1B;01/03/22;28/02/26;PUC-Rio;Suspenso;(***) Bolsa interrompida por motivo de estágio ou pós-doutoramento no exterior, ou por nomeação para cargo em comissão do grupo de Direção e Assessoramento Superior (DAS) do CNPq.;http://lattes.cnpq.br/1545155828572491;1545155828572491
Marcelo de Carvalho Griebeler;PQ-2;01/03/21;29/02/24;UFRGS;Suspenso;(***) Bolsa interrompida por motivo de estágio ou pós-doutoramento no exterior, ou por nomeação para cargo em comissão do grupo de Direção e Assessoramento Superior (DAS) do CNPq.;http://lattes.cnpq.br/7323158600328509;7323158600328509
Marcelo Fernandes;PQ-1B;01/03/23;28/02/27;FGV;Em folha de pagamento;;http://lattes.cnpq.br/0357396942336587;0357396942336587
Marcelo J Moreira;PQ-2;01/03/23;28/02/26;FGV;Em folha de pagamento;;http://lattes.cnpq.br/2339829142310760;2339829142310760
Marcelo José Braga;PQ-1B;01/03/22;28/02/26;UFV;Em folha de pagamento;;http://lattes.cnpq.br/0107443653772269;0107443653772269
Marcelo Justus dos Santos;PQ-2;01/03/22;28/02/25;UNICAMP;Em folha de pagamento;;http://lattes.cnpq.br/6356318125369024;6356318125369024
Marcelo Luiz Curado;PQ-2;01/03/21;29/02/24;UFPR;Em folha de pagamento;;http://lattes.cnpq.br/3143075206114801;3143075206114801
Marcelo Resende de Mendonça e Silva;PQ-1D;01/03/20;29/02/24;UFRJ;Em folha de pagamento;;http://lattes.cnpq.br/8557029750666723;8557029750666723
Marcelo Rodrigues dos Santos;PQ-2;01/03/23;28/02/26;INSPER;Em folha de pagamento;;http://lattes.cnpq.br/3071046681153955;3071046681153955
Marcelo Savino Portugal;PQ-1D;01/03/22;28/02/26;UFRGS;Em folha de pagamento;;http://lattes.cnpq.br/6723737598210318;6723737598210318
Márcia Siqueira Rapini;PQ-2;01/03/21;29/02/24;UFMG;Em folha de pagamento;;http://lattes.cnpq.br/7670878068781009;7670878068781009
Márcio Gomes Pinto Garcia;PQ-SR;01/03/23;29/02/28;PUC-Rio;Em folha de pagamento;;http://lattes.cnpq.br/3500104366301286;3500104366301286
Márcio Poletti Laurini;PQ-1D;01/03/22;28/02/26;USP;Em folha de pagamento;;http://lattes.cnpq.br/0470071088342547;0470071088342547
Marco Antonio Ribas Cavalieri;PQ-2;01/03/22;28/02/25;UFPR;Em folha de pagamento;;http://lattes.cnpq.br/3102594938614128;3102594938614128
Marco Flávio da Cunha Resende;PQ-2;01/03/23;28/02/26;UFMG;Em folha de pagamento;;http://lattes.cnpq.br/8834816401400593;8834816401400593
Marco Tulio Aniceto Franca;PQ-1D;01/03/23;28/02/27;PUCRS;Em folha de pagamento;;http://lattes.cnpq.br/2933541593062202;2933541593062202
Marcos Tadeu Caputi Lélis;PQ-2;01/03/22;28/02/25;UNISINOS;Em folha de pagamento;;http://lattes.cnpq.br/2560496153427299;2560496153427299
Maria Helena Lavinas de Morais;PQ-2;01/03/22;30/04/25;UFRJ;Em folha de pagamento;;http://lattes.cnpq.br/9527487721107297;9527487721107297
Marina Silva da Cunha;PQ-1D;01/03/22;28/02/26;UEM;Em folha de pagamento;;http://lattes.cnpq.br/0933287370110532;0933287370110532
Marisa dos Reis Azevedo Botelho;PQ-2;01/03/22;28/02/25;UFU;Em folha de pagamento;;http://lattes.cnpq.br/0919093679710607;0919093679710607
Marislei Nishijima;PQ-2;01/03/22;28/02/25;IRI;Em folha de pagamento;;http://lattes.cnpq.br/5620359266790501;5620359266790501
Marta dos Reis Castilho;PQ-2;01/03/22;28/02/25;UFRJ;Em folha de pagamento;;http://lattes.cnpq.br/9809152954827311;9809152954827311
Mauricio Soares Bugarin;PQ-2;01/03/23;28/02/26;UnB;Em folha de pagamento;;http://lattes.cnpq.br/4570321143416032;4570321143416032
Maurício Vaz Lobo Bittencourt;PQ-2;01/03/22;28/02/25;UFPR;Suspenso;(***) Bolsa interrompida por motivo de estágio ou pós-doutoramento no exterior, ou por nomeação para cargo em comissão do grupo de Direção e Assessoramento Superior (DAS) do CNPq.;http://lattes.cnpq.br/9188259720814972;9188259720814972
Mauro Boianovsky;PQ-1A;01/03/19;29/02/24;UnB;Em folha de pagamento;;http://lattes.cnpq.br/9530550790953653;9530550790953653
Miguel Antonio Pinho Bruno;PQ-2;01/03/23;28/02/26;IBGE;Em folha de pagamento;;http://lattes.cnpq.br/7123495249430722;7123495249430722
Mônica Viegas Andrade;PQ-1D;01/03/22;28/02/26;UFMG;Em folha de pagamento;;http://lattes.cnpq.br/2085641989038025;2085641989038025
Naercio Aquino Menezes Filho;PQ-1C;01/03/23;28/02/27;INSPER;Em folha de pagamento;;http://lattes.cnpq.br/7403858236965011;7403858236965011
Nelson Leitão Paes;PQ-1D;01/03/20;29/02/24;UFPE;Em folha de pagamento;;http://lattes.cnpq.br/4398120005151498;4398120005151498
Nelson Marconi;PQ-2;01/03/22;28/02/25;FGV;Em folha de pagamento;;http://lattes.cnpq.br/3941333920095061;3941333920095061
Norberto Montani Martins;PQ-2;01/03/23;28/02/26;UFRJ;Em folha de pagamento;;http://lattes.cnpq.br/2089597137079340;2089597137079340
Osvaldo Candido da Silva Filho;PQ-2;01/03/23;28/02/26;UCB/DF;Em folha de pagamento;;http://lattes.cnpq.br/3691103797905606;3691103797905606
Otávio Henrique dos Santos Figueiredo;PQ-2;01/03/21;29/02/24;UFRJ;Em folha de pagamento;;http://lattes.cnpq.br/6214640540135973;6214640540135973
Patrícia Verônica Pinheiro Sales Lima;PQ-1D;01/03/22;28/02/26;UFC;Em folha de pagamento;;http://lattes.cnpq.br/7172491133426747;7172491133426747
Paula Carvalho Pereda;PQ-2;01/03/23;28/02/26;USP;Em folha de pagamento;;http://lattes.cnpq.br/8764882695376328;8764882695376328
Paulo Aguiar do Monte;PQ-2;01/03/22;28/02/25;UFPB;Em folha de pagamento;;http://lattes.cnpq.br/2086894513472218;2086894513472218
Paulo de Andrade Jacinto;PQ-1D;01/03/23;28/02/27;UFPR;Em folha de pagamento;;http://lattes.cnpq.br/0867329429331814;0867329429331814
Paulo Klinger Monteiro;PQ-1D;01/03/21;28/02/25;FGV;Em folha de pagamento;;http://lattes.cnpq.br/8913418978108030;8913418978108030
Paulo Rogério Faustino Matos;PQ-1D;01/03/22;28/02/26;UFC;Em folha de pagamento;;http://lattes.cnpq.br/0288522400109962;0288522400109962
Pedro Cavalcanti Gomes Ferreira;PQ-1B;01/03/22;28/02/26;FGV;Em folha de pagamento;;http://lattes.cnpq.br/1459858386214202;1459858386214202
Pedro Cezar Dutra Fonseca;PQ-1B;01/03/22;28/02/26;UFRGS;Em folha de pagamento;;http://lattes.cnpq.br/9511067342067027;9511067342067027
Pedro Garcia Duarte;PQ-2;01/03/23;28/02/26;INSPER;Em folha de pagamento;;http://lattes.cnpq.br/7244884203223326;7244884203223326
Pedro Luiz Valls Pereira;PQ-1D;01/03/22;28/02/26;FGV;Em folha de pagamento;;http://lattes.cnpq.br/9641399460002292;9641399460002292
Pery Francisco Assis Shikida;PQ-1D;01/03/22;28/02/26;UNIOESTE;Em folha de pagamento;;http://lattes.cnpq.br/1740467499247374;1740467499247374
Philipp Ehrl;PQ-2;01/03/22;28/02/25;UCB/DF;Em folha de pagamento;;http://lattes.cnpq.br/9369923733901266;9369923733901266
Rafael Saulo Marques Ribeiro;PQ-2;01/03/21;29/02/24;UFMG;Em folha de pagamento;;http://lattes.cnpq.br/5949531548153118;5949531548153118
Raul da Mota Silveira Neto;PQ-1B;01/03/22;28/02/26;UFPE;Em folha de pagamento;;http://lattes.cnpq.br/3921888911294306;3921888911294306
Raul Yukihiro Matsushita;PQ-2;01/03/23;28/02/26;UnB;Em folha de pagamento;;http://lattes.cnpq.br/2722420136334883;2722420136334883
Raydonal Ospina Martínez;PQ-2;01/03/23;28/02/26;UFPE;Em folha de pagamento;;http://lattes.cnpq.br/6357960802605841;6357960802605841
Regis Augusto Ely;PQ-2;01/03/22;28/02/25;UFPEL;Em folha de pagamento;;http://lattes.cnpq.br/3708985718656687;3708985718656687
Renato de Castro Garcia;PQ-2;01/03/22;28/02/25;UNICAMP;Em folha de pagamento;;http://lattes.cnpq.br/4448499039119632;4448499039119632
Ricardo Carvalho de Andrade Lima;PQ-2;01/03/23;28/02/26;UCB/DF;Em folha de pagamento;;http://lattes.cnpq.br/6689800200326503;6689800200326503
Ricardo da Silva Freguglia;PQ-2;01/03/23;28/02/26;UFJF;Em folha de pagamento;;http://lattes.cnpq.br/1290479848909932;1290479848909932
Ricardo de Figueiredo Summa;PQ-2;01/03/21;29/02/24;UFRJ;Em folha de pagamento;;http://lattes.cnpq.br/7120501499488345;7120501499488345
Ricardo de Oliveira Cavalcanti;PQ-2;01/03/21;29/02/24;FGV;Em folha de pagamento;;http://lattes.cnpq.br/5201221681967808;5201221681967808
Ricardo Dias de Oliveira Brito;PQ-2;01/03/21;29/02/24;USP;Em folha de pagamento;;http://lattes.cnpq.br/9666627814660706;9666627814660706
Ricardo Ramalhete Moreira;PQ-2;01/03/22;28/02/25;UFES;Em folha de pagamento;;http://lattes.cnpq.br/3263921271806291;3263921271806291
Ricardo Silva Azevedo Araujo;PQ-2;01/03/23;28/02/26;UnB;Em folha de pagamento;;http://lattes.cnpq.br/6082451592666314;6082451592666314
Roberta de Moraes Rocha;PQ-2;01/03/21;29/02/24;UFPE;Em folha de pagamento;;http://lattes.cnpq.br/1129247214452992;1129247214452992
Roberto Meurer;PQ-2;01/03/23;28/02/26;UFSC;Em folha de pagamento;;http://lattes.cnpq.br/6521773148676528;6521773148676528
Roberto Tatiwa Ferreira;PQ-2;01/03/23;28/02/26;UFC;Em folha de pagamento;;http://lattes.cnpq.br/9723758439733361;9723758439733361
Rodolfo Ferreira Ribeiro da Costa;PQ-2;01/03/22;28/02/25;UERN;Em folha de pagamento;;http://lattes.cnpq.br/6960670271720836;6960670271720836
Rodrigo Lanna Franco da Silveira;PQ-2;01/03/22;28/02/25;UNICAMP;Em folha de pagamento;;http://lattes.cnpq.br/7916021882928474;7916021882928474
Rodrigo Nobre Fernandez;PQ-2;01/03/22;28/02/25;UFPEL;Em folha de pagamento;;http://lattes.cnpq.br/7835812928614071;7835812928614071
Rodrigo Reis Soares;PQ-1D;01/03/21;28/02/25;INSPER;Em folha de pagamento;;http://lattes.cnpq.br/1878538271049058;1878538271049058
Rosa Livia Gonçalves Montenegro;PQ-2;01/03/23;28/02/26;UFJF;Em folha de pagamento;;http://lattes.cnpq.br/8006172334113593;8006172334113593
Rosangela Ballini;PQ-2;01/03/23;28/02/26;UNICAMP;Em folha de pagamento;;http://lattes.cnpq.br/1766558858445284;1766558858445284
Rudi Rocha de Castro;PQ-1D;01/03/22;28/02/26;FGV;Em folha de pagamento;;http://lattes.cnpq.br/6911466624133651;6911466624133651
Sandro Eduardo Monsueto;PQ-2;01/03/21;29/02/24;UFG;Em folha de pagamento;;http://lattes.cnpq.br/5484881117429853;5484881117429853
Sergio Naruhiko Sakurai;PQ-2;01/03/22;28/02/25;USP;Suspenso;(***) Bolsa interrompida por motivo de estágio ou pós-doutoramento no exterior, ou por nomeação para cargo em comissão do grupo de Direção e Assessoramento Superior (DAS) do CNPq.;http://lattes.cnpq.br/4597590956322930;4597590956322930
Sergio Pinheiro Firpo;PQ-1C;01/03/21;28/02/25;INSPER;Em folha de pagamento;;http://lattes.cnpq.br/3368095273001627;3368095273001627
Silvio Hong Tiing Tai;PQ-2;01/03/22;28/02/25;UDESC;Em folha de pagamento;;http://lattes.cnpq.br/6127371493299577;6127371493299577
Suzana Quinet de Andrade Bastos;PQ-2;01/03/22;28/02/25;UFJF;Em folha de pagamento;;http://lattes.cnpq.br/0945139577862255;0945139577862255
Tatiane Almeida de Menezes;PQ-2;01/03/21;29/02/24;UFPE;Em folha de pagamento;;http://lattes.cnpq.br/5982392759349128;5982392759349128
Terciane Sabadini Carvalho;PQ-2;01/03/21;29/02/24;UFPR;Em folha de pagamento;;http://lattes.cnpq.br/2333683888397456;2333683888397456
Thiago Christiano Silva;PQ-1D;01/03/23;28/02/27;UCB/DF;Em folha de pagamento;;http://lattes.cnpq.br/6238208958412798;6238208958412798
Thiago Fonseca Morello Ramalho da Silva;PQ-2;01/03/22;28/02/25;UFABC;Em folha de pagamento;;http://lattes.cnpq.br/6219831410359178;6219831410359178
Thyago Celso Cavalcante Nepomuceno;PQ-2;01/03/23;28/02/26;UFPE;Em folha de pagamento;;http://lattes.cnpq.br/4815452948320665;4815452948320665
Tito Belchior Silva Moreira;PQ-1D;01/03/21;28/02/25;UCB/DF;Em folha de pagamento;;http://lattes.cnpq.br/9771375337451257;9771375337451257
Umberto Antonio Sesso Filho;PQ-2;01/03/21;29/02/24;UEL;Em folha de pagamento;;http://lattes.cnpq.br/9797690885662688;9797690885662688
Valdério Anselmo Reisen;PQ-2;01/03/21;29/02/24;UFES;Em folha de pagamento;;http://lattes.cnpq.br/9401938646002189;9401938646002189
Victor Filipe Martins-da-Rocha;PQ-1D;01/03/20;29/02/24;FGV;Em folha de pagamento;;http://lattes.cnpq.br/6197380886288219;6197380886288219
Vitor Augusto Ozaki;PQ-2;01/03/23;28/02/26;USP;Em folha de pagamento;;http://lattes.cnpq.br/5249429182229900;5249429182229900
Viviani Silva Lirio;PQ-2;01/03/23;28/02/26;UFV;Em folha de pagamento;;http://lattes.cnpq.br/8215754365980649;8215754365980649
Vladimir Kuhl Teles;PQ-1D;01/03/23;28/02/27;FGV;Em folha de pagamento;;http://lattes.cnpq.br/6903831674204360;6903831674204360
Vladimir Pinheiro Ponczek;PQ-1D;01/03/22;28/02/26;FGV;Em folha de pagamento;;http://lattes.cnpq.br/0852575277868608;0852575277868608
Wagner Piazza Gaglianone;PQ-2;01/03/22;28/02/25;FGV;Em folha de pagamento;;http://lattes.cnpq.br/9629434340424424;9629434340424424
Wallace Patrick Santos de Farias Souza;PQ-2;01/03/22;28/02/25;UFPB;Em folha de pagamento;;http://lattes.cnpq.br/0207157049820845;0207157049820845
Weslem Rodrigues Faria;PQ-2;01/03/23;28/02/26;UFJF;Suspenso;(***) Bolsa interrompida por motivo de estágio ou pós-doutoramento no exterior, ou por nomeação para cargo em comissão do grupo de Direção e Assessoramento Superior (DAS) do CNPq.;http://lattes.cnpq.br/4105225659516241;4105225659516241
Wilfredo Fernando Leiva Maldonado;PQ-2;01/03/23;28/02/26;FEAC/USP;Em folha de pagamento;;http://lattes.cnpq.br/2898705867805713;2898705867805713
Yony de Sa Barreto Sampaio;PQ-1D;01/03/20;29/02/24;UFPE;Em folha de pagamento;;http://lattes.cnpq.br/2416946445503274;2416946445503274